stem,region,reason,log_rms,kurtosis
Psi_C1_psi_F2_BL2,BLA,high_kurtosis,2.605443175817823,105.17446930879564
Psi_C1_psi_F3_BL2,BLA,high_kurtosis,2.6270373320816107,101.07947572103572
Psi_C1_psi_F3_inj,BLA,high_kurtosis,2.5632215280895125,111.97336128446368
Psi_C1_psi_M4_BL1,BLA,high_kurtosis,2.5762364517217704,106.55635407900564
Psi_C1_sal_F3_BL2,BLA,high_kurtosis,2.6132683749633454,74.40046728310526
Psi_C1_sal_M4_BL1,BLA,dead_channel,1.075429658390918,-0.3155159448083235
Psi_C1_sal_M4_BL2,BLA,dead_channel,1.0718327731320039,-0.3424490180934776
Psi_C1_sal_M4_EZM,BLA,dead_channel,1.0718696592061279,-0.3180194690239601
Psi_C1_sal_M4_inj,BLA,dead_channel,1.0714451101224307,-0.2993718595193333
Psi_C2_sal_F3_inj,BLA,high_kurtosis,2.5721426721203997,98.96711560221485
Psi_C3_ket_F2_inj,BLA,high_kurtosis,2.5793233638991455,101.7763842054766
Psi_C3_ket_F5_BL1,BLA,high_kurtosis,2.565230806222945,133.68007637590267
Psi_C3_psi_M3_BL1,BLA,high_kurtosis,2.6298326510022054,99.8035060319841
Psi_C3_sal_F4_BL1,BLA,high_kurtosis,2.565985265447869,67.61106847038089
Psi_C3_sal_M1_BL2,BLA,high_kurtosis,2.6301842137521922,74.36833198899619
Psi_C3_sal_M1_inj,BLA,high_kurtosis,2.6075823193758203,34.233411051041905
Psi_C1_psi_F3_inj,vHPC,high_kurtosis,2.9437896795671104,81.87652548405123
Psi_C1_psi_F3_BL2,mPFC,high_kurtosis,2.78002132057686,22.664541451374987
Psi_C1_psi_F3_inj,mPFC,high_kurtosis,2.720404902098616,110.30520560335384
Psi_C1_psi_M3_BL1,mPFC,high_kurtosis,2.535595639241125,113.49370481985608
Psi_C1_psi_M3_EZM,mPFC,high_kurtosis,2.548374768483664,26.74615398760535
Psi_C2_psi_M1_BL1,mPFC,dead_channel,1.1030753424739115,-0.1643641470650116
Psi_C2_psi_M1_BL2,mPFC,dead_channel,1.0957987538146343,-0.242020506320717
Psi_C2_psi_M1_EZM,mPFC,dead_channel,1.1048888128014736,-0.1430763507242307
Psi_C2_psi_M1_inj,mPFC,dead_channel,1.0944086151049466,-0.2393467155042978
Psi_C2_sal_F1_BL1,mPFC,dead_channel,1.0990895162644416,-0.2522220943256492
Psi_C2_sal_F1_BL2,mPFC,dead_channel,1.0990466480009906,-0.2485577224977908
Psi_C2_sal_F1_EZM,mPFC,dead_channel,1.0980598280352034,-0.2502224422380026
Psi_C2_sal_F1_inj,mPFC,dead_channel,1.0951270418788508,-0.2510909942931776
Psi_C2_sal_M1_BL1,mPFC,dead_channel,1.1160890965543675,-0.1846948573458031
Psi_C2_sal_M1_BL2,mPFC,dead_channel,1.098708243485017,-0.2417299166499682
Psi_C2_sal_M1_EZM,mPFC,dead_channel,1.090367340732892,-0.2425837136574906
Psi_C2_sal_M1_inj,mPFC,dead_channel,1.096406213228534,-0.2054984645745543
Psi_C3_ket_F2_inj,mPFC,high_kurtosis,2.6796112648946617,21.455128928468028
Psi_C3_ket_M2_BL1,mPFC,high_kurtosis,2.6716560971968804,33.95495196179591
Psi_C3_sal_F1_BL1,mPFC,high_kurtosis,2.726479466483863,20.502440171984713
Psi_C3_sal_M1_BL2,mPFC,high_kurtosis,2.717992333040599,26.96492950878931
Psi_C3_sal_M1_inj,mPFC,high_kurtosis,2.7120428452678698,20.66261788169665
Psi_C4_ket_sal_F2_BL2,mPFC,high_kurtosis,2.4962669046148234,51.17583186261832
