stem,cohort,group,blocker,drug,mouse,sex,rectype,design,behavior_assay,subject_uid,session_uid,is_baseline,is_behavior,size_mb,path
Psi_C1_psi_F1_BL1,C1,psi,none,psi,F1,F,BL1,within,EZM,C1_F1,C1_psi_F1,True,False,10.87,/Users/prestondavis/Library/CloudStorage/Box-Box/LFP Only Data/Cohort 1/BL1/Psi_C1_psi_F1_BL1.mat
Psi_C1_psi_F1_BL2,C1,psi,none,psi,F1,F,BL2,within,EZM,C1_F1,C1_psi_F1,True,False,5.79,/Users/prestondavis/Library/CloudStorage/Box-Box/LFP Only Data/Cohort 1/BL2/Psi_C1_psi_F1_BL2.mat
Psi_C1_psi_F1_EZM,C1,psi,none,psi,F1,F,EZM,within,EZM,C1_F1,C1_psi_F1,False,True,11.49,/Users/prestondavis/Library/CloudStorage/Box-Box/LFP Only Data/Cohort 1/EZM/Psi_C1_psi_F1_EZM.mat
Psi_C1_psi_F1_inj,C1,psi,none,psi,F1,F,inj,within,EZM,C1_F1,C1_psi_F1,False,False,11.37,/Users/prestondavis/Library/CloudStorage/Box-Box/LFP Only Data/Cohort 1/Injection/Psi_C1_psi_F1_inj.mat
Psi_C1_psi_F2_BL1,C1,psi,none,psi,F2,F,BL1,within,EZM,C1_F2,C1_psi_F2,True,False,10.99,/Users/prestondavis/Library/CloudStorage/Box-Box/LFP Only Data/Cohort 1/BL1/Psi_C1_psi_F2_BL1.mat
Psi_C1_psi_F2_BL2,C1,psi,none,psi,F2,F,BL2,within,EZM,C1_F2,C1_psi_F2,True,False,5.64,/Users/prestondavis/Library/CloudStorage/Box-Box/LFP Only Data/Cohort 1/BL2/Psi_C1_psi_F2_BL2.mat
Psi_C1_psi_F2_EZM,C1,psi,none,psi,F2,F,EZM,within,EZM,C1_F2,C1_psi_F2,False,True,11.47,/Users/prestondavis/Library/CloudStorage/Box-Box/LFP Only Data/Cohort 1/EZM/Psi_C1_psi_F2_EZM.mat
Psi_C1_psi_F2_inj,C1,psi,none,psi,F2,F,inj,within,EZM,C1_F2,C1_psi_F2,False,False,12.05,/Users/prestondavis/Library/CloudStorage/Box-Box/LFP Only Data/Cohort 1/Injection/Psi_C1_psi_F2_inj.mat
Psi_C1_psi_F3_BL1,C1,psi,none,psi,F3,F,BL1,within,EZM,C1_F3,C1_psi_F3,True,False,11.09,/Users/prestondavis/Library/CloudStorage/Box-Box/LFP Only Data/Cohort 1/BL1/Psi_C1_psi_F3_BL1.mat
Psi_C1_psi_F3_BL2,C1,psi,none,psi,F3,F,BL2,within,EZM,C1_F3,C1_psi_F3,True,False,5.73,/Users/prestondavis/Library/CloudStorage/Box-Box/LFP Only Data/Cohort 1/BL2/Psi_C1_psi_F3_BL2.mat
Psi_C1_psi_F3_EZM,C1,psi,none,psi,F3,F,EZM,within,EZM,C1_F3,C1_psi_F3,False,True,11.56,/Users/prestondavis/Library/CloudStorage/Box-Box/LFP Only Data/Cohort 1/EZM/Psi_C1_psi_F3_EZM.mat
Psi_C1_psi_F3_inj,C1,psi,none,psi,F3,F,inj,within,EZM,C1_F3,C1_psi_F3,False,False,9.28,/Users/prestondavis/Library/CloudStorage/Box-Box/LFP Only Data/Cohort 1/Injection/Psi_C1_psi_F3_inj.mat
Psi_C1_psi_M1_BL1,C1,psi,none,psi,M1,M,BL1,within,EZM,C1_M1,C1_psi_M1,True,False,11.19,/Users/prestondavis/Library/CloudStorage/Box-Box/LFP Only Data/Cohort 1/BL1/Psi_C1_psi_M1_BL1.mat
Psi_C1_psi_M1_BL2,C1,psi,none,psi,M1,M,BL2,within,EZM,C1_M1,C1_psi_M1,True,False,5.71,/Users/prestondavis/Library/CloudStorage/Box-Box/LFP Only Data/Cohort 1/BL2/Psi_C1_psi_M1_BL2.mat
Psi_C1_psi_M1_EZM,C1,psi,none,psi,M1,M,EZM,within,EZM,C1_M1,C1_psi_M1,False,True,12.19,/Users/prestondavis/Library/CloudStorage/Box-Box/LFP Only Data/Cohort 1/EZM/Psi_C1_psi_M1_EZM.mat
Psi_C1_psi_M1_inj,C1,psi,none,psi,M1,M,inj,within,EZM,C1_M1,C1_psi_M1,False,False,11.71,/Users/prestondavis/Library/CloudStorage/Box-Box/LFP Only Data/Cohort 1/Injection/Psi_C1_psi_M1_inj.mat
Psi_C1_psi_M2_BL1,C1,psi,none,psi,M2,M,BL1,within,EZM,C1_M2,C1_psi_M2,True,False,11.03,/Users/prestondavis/Library/CloudStorage/Box-Box/LFP Only Data/Cohort 1/BL1/Psi_C1_psi_M2_BL1.mat
Psi_C1_psi_M2_BL2,C1,psi,none,psi,M2,M,BL2,within,EZM,C1_M2,C1_psi_M2,True,False,5.72,/Users/prestondavis/Library/CloudStorage/Box-Box/LFP Only Data/Cohort 1/BL2/Psi_C1_psi_M2_BL2.mat
Psi_C1_psi_M2_EZM,C1,psi,none,psi,M2,M,EZM,within,EZM,C1_M2,C1_psi_M2,False,True,11.42,/Users/prestondavis/Library/CloudStorage/Box-Box/LFP Only Data/Cohort 1/EZM/Psi_C1_psi_M2_EZM.mat
Psi_C1_psi_M2_inj,C1,psi,none,psi,M2,M,inj,within,EZM,C1_M2,C1_psi_M2,False,False,12.14,/Users/prestondavis/Library/CloudStorage/Box-Box/LFP Only Data/Cohort 1/Injection/Psi_C1_psi_M2_inj.mat
Psi_C1_psi_M3_BL1,C1,psi,none,psi,M3,M,BL1,within,EZM,C1_M3,C1_psi_M3,True,False,10.85,/Users/prestondavis/Library/CloudStorage/Box-Box/LFP Only Data/Cohort 1/BL1/Psi_C1_psi_M3_BL1.mat
Psi_C1_psi_M3_BL2,C1,psi,none,psi,M3,M,BL2,within,EZM,C1_M3,C1_psi_M3,True,False,5.62,/Users/prestondavis/Library/CloudStorage/Box-Box/LFP Only Data/Cohort 1/BL2/Psi_C1_psi_M3_BL2.mat
Psi_C1_psi_M3_EZM,C1,psi,none,psi,M3,M,EZM,within,EZM,C1_M3,C1_psi_M3,False,True,11.3,/Users/prestondavis/Library/CloudStorage/Box-Box/LFP Only Data/Cohort 1/EZM/Psi_C1_psi_M3_EZM.mat
Psi_C1_psi_M3_inj,C1,psi,none,psi,M3,M,inj,within,EZM,C1_M3,C1_psi_M3,False,False,11.5,/Users/prestondavis/Library/CloudStorage/Box-Box/LFP Only Data/Cohort 1/Injection/Psi_C1_psi_M3_inj.mat
Psi_C1_psi_M4_BL1,C1,psi,none,psi,M4,M,BL1,within,EZM,C1_M4,C1_psi_M4,True,False,11.03,/Users/prestondavis/Library/CloudStorage/Box-Box/LFP Only Data/Cohort 1/BL1/Psi_C1_psi_M4_BL1.mat
Psi_C1_psi_M4_BL2,C1,psi,none,psi,M4,M,BL2,within,EZM,C1_M4,C1_psi_M4,True,False,5.75,/Users/prestondavis/Library/CloudStorage/Box-Box/LFP Only Data/Cohort 1/BL2/Psi_C1_psi_M4_BL2.mat
Psi_C1_psi_M4_EZM,C1,psi,none,psi,M4,M,EZM,within,EZM,C1_M4,C1_psi_M4,False,True,12.93,/Users/prestondavis/Library/CloudStorage/Box-Box/LFP Only Data/Cohort 1/EZM/Psi_C1_psi_M4_EZM.mat
Psi_C1_psi_M4_inj,C1,psi,none,psi,M4,M,inj,within,EZM,C1_M4,C1_psi_M4,False,False,11.6,/Users/prestondavis/Library/CloudStorage/Box-Box/LFP Only Data/Cohort 1/Injection/Psi_C1_psi_M4_inj.mat
Psi_C1_sal_F1_BL1,C1,sal,none,sal,F1,F,BL1,within,EZM,C1_F1,C1_sal_F1,True,False,10.98,/Users/prestondavis/Library/CloudStorage/Box-Box/LFP Only Data/Cohort 1/BL1/Psi_C1_sal_F1_BL1.mat
Psi_C1_sal_F1_BL2,C1,sal,none,sal,F1,F,BL2,within,EZM,C1_F1,C1_sal_F1,True,False,5.66,/Users/prestondavis/Library/CloudStorage/Box-Box/LFP Only Data/Cohort 1/BL2/Psi_C1_sal_F1_BL2.mat
Psi_C1_sal_F1_EZM,C1,sal,none,sal,F1,F,EZM,within,EZM,C1_F1,C1_sal_F1,False,True,11.73,/Users/prestondavis/Library/CloudStorage/Box-Box/LFP Only Data/Cohort 1/EZM/Psi_C1_sal_F1_EZM.mat
Psi_C1_sal_F1_inj,C1,sal,none,sal,F1,F,inj,within,EZM,C1_F1,C1_sal_F1,False,False,11.18,/Users/prestondavis/Library/CloudStorage/Box-Box/LFP Only Data/Cohort 1/Injection/Psi_C1_sal_F1_inj.mat
Psi_C1_sal_F2_BL1,C1,sal,none,sal,F2,F,BL1,within,EZM,C1_F2,C1_sal_F2,True,False,11.16,/Users/prestondavis/Library/CloudStorage/Box-Box/LFP Only Data/Cohort 1/BL1/Psi_C1_sal_F2_BL1.mat
Psi_C1_sal_F2_BL2,C1,sal,none,sal,F2,F,BL2,within,EZM,C1_F2,C1_sal_F2,True,False,5.72,/Users/prestondavis/Library/CloudStorage/Box-Box/LFP Only Data/Cohort 1/BL2/Psi_C1_sal_F2_BL2.mat
Psi_C1_sal_F2_EZM,C1,sal,none,sal,F2,F,EZM,within,EZM,C1_F2,C1_sal_F2,False,True,11.43,/Users/prestondavis/Library/CloudStorage/Box-Box/LFP Only Data/Cohort 1/EZM/Psi_C1_sal_F2_EZM.mat
Psi_C1_sal_F2_inj,C1,sal,none,sal,F2,F,inj,within,EZM,C1_F2,C1_sal_F2,False,False,10.98,/Users/prestondavis/Library/CloudStorage/Box-Box/LFP Only Data/Cohort 1/Injection/Psi_C1_sal_F2_inj.mat
Psi_C1_sal_F3_BL1,C1,sal,none,sal,F3,F,BL1,within,EZM,C1_F3,C1_sal_F3,True,False,11.0,/Users/prestondavis/Library/CloudStorage/Box-Box/LFP Only Data/Cohort 1/BL1/Psi_C1_sal_F3_BL1.mat
Psi_C1_sal_F3_BL2,C1,sal,none,sal,F3,F,BL2,within,EZM,C1_F3,C1_sal_F3,True,False,5.71,/Users/prestondavis/Library/CloudStorage/Box-Box/LFP Only Data/Cohort 1/BL2/Psi_C1_sal_F3_BL2.mat
Psi_C1_sal_F3_EZM,C1,sal,none,sal,F3,F,EZM,within,EZM,C1_F3,C1_sal_F3,False,True,11.4,/Users/prestondavis/Library/CloudStorage/Box-Box/LFP Only Data/Cohort 1/EZM/Psi_C1_sal_F3_EZM.mat
Psi_C1_sal_F3_inj,C1,sal,none,sal,F3,F,inj,within,EZM,C1_F3,C1_sal_F3,False,False,11.0,/Users/prestondavis/Library/CloudStorage/Box-Box/LFP Only Data/Cohort 1/Injection/Psi_C1_sal_F3_inj.mat
Psi_C1_sal_M1_BL1,C1,sal,none,sal,M1,M,BL1,within,EZM,C1_M1,C1_sal_M1,True,False,11.09,/Users/prestondavis/Library/CloudStorage/Box-Box/LFP Only Data/Cohort 1/BL1/Psi_C1_sal_M1_BL1.mat
Psi_C1_sal_M1_BL2,C1,sal,none,sal,M1,M,BL2,within,EZM,C1_M1,C1_sal_M1,True,False,5.73,/Users/prestondavis/Library/CloudStorage/Box-Box/LFP Only Data/Cohort 1/BL2/Psi_C1_sal_M1_BL2.mat
Psi_C1_sal_M1_EZM,C1,sal,none,sal,M1,M,EZM,within,EZM,C1_M1,C1_sal_M1,False,True,11.77,/Users/prestondavis/Library/CloudStorage/Box-Box/LFP Only Data/Cohort 1/EZM/Psi_C1_sal_M1_EZM.mat
Psi_C1_sal_M1_inj,C1,sal,none,sal,M1,M,inj,within,EZM,C1_M1,C1_sal_M1,False,False,11.1,/Users/prestondavis/Library/CloudStorage/Box-Box/LFP Only Data/Cohort 1/Injection/Psi_C1_sal_M1_inj.mat
Psi_C1_sal_M2_BL1,C1,sal,none,sal,M2,M,BL1,within,EZM,C1_M2,C1_sal_M2,True,False,11.03,/Users/prestondavis/Library/CloudStorage/Box-Box/LFP Only Data/Cohort 1/BL1/Psi_C1_sal_M2_BL1.mat
Psi_C1_sal_M2_BL2,C1,sal,none,sal,M2,M,BL2,within,EZM,C1_M2,C1_sal_M2,True,False,5.73,/Users/prestondavis/Library/CloudStorage/Box-Box/LFP Only Data/Cohort 1/BL2/Psi_C1_sal_M2_BL2.mat
Psi_C1_sal_M2_EZM,C1,sal,none,sal,M2,M,EZM,within,EZM,C1_M2,C1_sal_M2,False,True,11.79,/Users/prestondavis/Library/CloudStorage/Box-Box/LFP Only Data/Cohort 1/EZM/Psi_C1_sal_M2_EZM.mat
Psi_C1_sal_M2_inj,C1,sal,none,sal,M2,M,inj,within,EZM,C1_M2,C1_sal_M2,False,False,11.18,/Users/prestondavis/Library/CloudStorage/Box-Box/LFP Only Data/Cohort 1/Injection/Psi_C1_sal_M2_inj.mat
Psi_C1_sal_M3_BL1,C1,sal,none,sal,M3,M,BL1,within,EZM,C1_M3,C1_sal_M3,True,False,11.15,/Users/prestondavis/Library/CloudStorage/Box-Box/LFP Only Data/Cohort 1/BL1/Psi_C1_sal_M3_BL1.mat
Psi_C1_sal_M3_BL2,C1,sal,none,sal,M3,M,BL2,within,EZM,C1_M3,C1_sal_M3,True,False,5.75,/Users/prestondavis/Library/CloudStorage/Box-Box/LFP Only Data/Cohort 1/BL2/Psi_C1_sal_M3_BL2.mat
Psi_C1_sal_M3_EZM,C1,sal,none,sal,M3,M,EZM,within,EZM,C1_M3,C1_sal_M3,False,True,11.44,/Users/prestondavis/Library/CloudStorage/Box-Box/LFP Only Data/Cohort 1/EZM/Psi_C1_sal_M3_EZM.mat
Psi_C1_sal_M3_inj,C1,sal,none,sal,M3,M,inj,within,EZM,C1_M3,C1_sal_M3,False,False,11.04,/Users/prestondavis/Library/CloudStorage/Box-Box/LFP Only Data/Cohort 1/Injection/Psi_C1_sal_M3_inj.mat
Psi_C1_sal_M4_BL1,C1,sal,none,sal,M4,M,BL1,within,EZM,C1_M4,C1_sal_M4,True,False,10.01,/Users/prestondavis/Library/CloudStorage/Box-Box/LFP Only Data/Cohort 1/BL1/Psi_C1_sal_M4_BL1.mat
Psi_C1_sal_M4_BL2,C1,sal,none,sal,M4,M,BL2,within,EZM,C1_M4,C1_sal_M4,True,False,5.37,/Users/prestondavis/Library/CloudStorage/Box-Box/LFP Only Data/Cohort 1/BL2/Psi_C1_sal_M4_BL2.mat
Psi_C1_sal_M4_EZM,C1,sal,none,sal,M4,M,EZM,within,EZM,C1_M4,C1_sal_M4,False,True,10.59,/Users/prestondavis/Library/CloudStorage/Box-Box/LFP Only Data/Cohort 1/EZM/Psi_C1_sal_M4_EZM.mat
Psi_C1_sal_M4_inj,C1,sal,none,sal,M4,M,inj,within,EZM,C1_M4,C1_sal_M4,False,False,9.88,/Users/prestondavis/Library/CloudStorage/Box-Box/LFP Only Data/Cohort 1/Injection/Psi_C1_sal_M4_inj.mat
Psi_C2_psi_F1_BL1,C2,psi,none,psi,F1,F,BL1,within,EZM,C2_F1,C2_psi_F1,True,False,10.69,/Users/prestondavis/Library/CloudStorage/Box-Box/LFP Only Data/Cohort 2/BL1/Psi_C2_psi_F1_BL1.mat
Psi_C2_psi_F1_BL2,C2,psi,none,psi,F1,F,BL2,within,EZM,C2_F1,C2_psi_F1,True,False,5.73,/Users/prestondavis/Library/CloudStorage/Box-Box/LFP Only Data/Cohort 2/BL2/Psi_C2_psi_F1_BL2.mat
Psi_C2_psi_F1_EZM,C2,psi,none,psi,F1,F,EZM,within,EZM,C2_F1,C2_psi_F1,False,True,10.87,/Users/prestondavis/Library/CloudStorage/Box-Box/LFP Only Data/Cohort 2/EZM/Psi_C2_psi_F1_EZM.mat
Psi_C2_psi_F1_inj,C2,psi,none,psi,F1,F,inj,within,EZM,C2_F1,C2_psi_F1,False,False,10.58,/Users/prestondavis/Library/CloudStorage/Box-Box/LFP Only Data/Cohort 2/Injection/Psi_C2_psi_F1_inj.mat
Psi_C2_psi_F3_BL1,C2,psi,none,psi,F3,F,BL1,within,EZM,C2_F3,C2_psi_F3,True,False,10.64,/Users/prestondavis/Library/CloudStorage/Box-Box/LFP Only Data/Cohort 2/BL1/Psi_C2_psi_F3_BL1.mat
Psi_C2_psi_F3_BL2,C2,psi,none,psi,F3,F,BL2,within,EZM,C2_F3,C2_psi_F3,True,False,5.37,/Users/prestondavis/Library/CloudStorage/Box-Box/LFP Only Data/Cohort 2/BL2/Psi_C2_psi_F3_BL2.mat
Psi_C2_psi_F3_EZM,C2,psi,none,psi,F3,F,EZM,within,EZM,C2_F3,C2_psi_F3,False,True,11.01,/Users/prestondavis/Library/CloudStorage/Box-Box/LFP Only Data/Cohort 2/EZM/Psi_C2_psi_F3_EZM.mat
Psi_C2_psi_F3_inj,C2,psi,none,psi,F3,F,inj,within,EZM,C2_F3,C2_psi_F3,False,False,10.65,/Users/prestondavis/Library/CloudStorage/Box-Box/LFP Only Data/Cohort 2/Injection/Psi_C2_psi_F3_inj.mat
Psi_C2_psi_M1_BL1,C2,psi,none,psi,M1,M,BL1,within,EZM,C2_M1,C2_psi_M1,True,False,9.49,/Users/prestondavis/Library/CloudStorage/Box-Box/LFP Only Data/Cohort 2/BL1/Psi_C2_psi_M1_BL1.mat
Psi_C2_psi_M1_BL2,C2,psi,none,psi,M1,M,BL2,within,EZM,C2_M1,C2_psi_M1,True,False,4.85,/Users/prestondavis/Library/CloudStorage/Box-Box/LFP Only Data/Cohort 2/BL2/Psi_C2_psi_M1_BL2.mat
Psi_C2_psi_M1_EZM,C2,psi,none,psi,M1,M,EZM,within,EZM,C2_M1,C2_psi_M1,False,True,9.9,/Users/prestondavis/Library/CloudStorage/Box-Box/LFP Only Data/Cohort 2/EZM/Psi_C2_psi_M1_EZM.mat
Psi_C2_psi_M1_inj,C2,psi,none,psi,M1,M,inj,within,EZM,C2_M1,C2_psi_M1,False,False,9.54,/Users/prestondavis/Library/CloudStorage/Box-Box/LFP Only Data/Cohort 2/Injection/Psi_C2_psi_M1_inj.mat
Psi_C2_psi_M2_BL1,C2,psi,none,psi,M2,M,BL1,within,EZM,C2_M2,C2_psi_M2,True,False,10.51,/Users/prestondavis/Library/CloudStorage/Box-Box/LFP Only Data/Cohort 2/BL1/Psi_C2_psi_M2_BL1.mat
Psi_C2_psi_M2_BL2,C2,psi,none,psi,M2,M,BL2,within,EZM,C2_M2,C2_psi_M2,True,False,5.34,/Users/prestondavis/Library/CloudStorage/Box-Box/LFP Only Data/Cohort 2/BL2/Psi_C2_psi_M2_BL2.mat
Psi_C2_psi_M2_EZM,C2,psi,none,psi,M2,M,EZM,within,EZM,C2_M2,C2_psi_M2,False,True,10.85,/Users/prestondavis/Library/CloudStorage/Box-Box/LFP Only Data/Cohort 2/EZM/Psi_C2_psi_M2_EZM.mat
Psi_C2_psi_M2_inj,C2,psi,none,psi,M2,M,inj,within,EZM,C2_M2,C2_psi_M2,False,False,10.67,/Users/prestondavis/Library/CloudStorage/Box-Box/LFP Only Data/Cohort 2/Injection/Psi_C2_psi_M2_inj.mat
Psi_C2_psi_M3_BL1,C2,psi,none,psi,M3,M,BL1,within,EZM,C2_M3,C2_psi_M3,True,False,10.57,/Users/prestondavis/Library/CloudStorage/Box-Box/LFP Only Data/Cohort 2/BL1/Psi_C2_psi_M3_BL1.mat
Psi_C2_psi_M3_BL2,C2,psi,none,psi,M3,M,BL2,within,EZM,C2_M3,C2_psi_M3,True,False,5.31,/Users/prestondavis/Library/CloudStorage/Box-Box/LFP Only Data/Cohort 2/BL2/Psi_C2_psi_M3_BL2.mat
Psi_C2_psi_M3_EZM,C2,psi,none,psi,M3,M,EZM,within,EZM,C2_M3,C2_psi_M3,False,True,11.18,/Users/prestondavis/Library/CloudStorage/Box-Box/LFP Only Data/Cohort 2/EZM/Psi_C2_psi_M3_EZM.mat
Psi_C2_psi_M3_inj,C2,psi,none,psi,M3,M,inj,within,EZM,C2_M3,C2_psi_M3,False,False,10.58,/Users/prestondavis/Library/CloudStorage/Box-Box/LFP Only Data/Cohort 2/Injection/Psi_C2_psi_M3_inj.mat
Psi_C2_sal_F1_BL1,C2,sal,none,sal,F1,F,BL1,within,EZM,C2_F1,C2_sal_F1,True,False,9.47,/Users/prestondavis/Library/CloudStorage/Box-Box/LFP Only Data/Cohort 2/BL1/Psi_C2_sal_F1_BL1.mat
Psi_C2_sal_F1_BL2,C2,sal,none,sal,F1,F,BL2,within,EZM,C2_F1,C2_sal_F1,True,False,4.84,/Users/prestondavis/Library/CloudStorage/Box-Box/LFP Only Data/Cohort 2/BL2/Psi_C2_sal_F1_BL2.mat
Psi_C2_sal_F1_EZM,C2,sal,none,sal,F1,F,EZM,within,EZM,C2_F1,C2_sal_F1,False,True,9.77,/Users/prestondavis/Library/CloudStorage/Box-Box/LFP Only Data/Cohort 2/EZM/Psi_C2_sal_F1_EZM.mat
Psi_C2_sal_F1_inj,C2,sal,none,sal,F1,F,inj,within,EZM,C2_F1,C2_sal_F1,False,False,9.48,/Users/prestondavis/Library/CloudStorage/Box-Box/LFP Only Data/Cohort 2/Injection/Psi_C2_sal_F1_inj.mat
Psi_C2_sal_F2_BL1,C2,sal,none,sal,F2,F,BL1,within,EZM,C2_F2,C2_sal_F2,True,False,10.77,/Users/prestondavis/Library/CloudStorage/Box-Box/LFP Only Data/Cohort 2/BL1/Psi_C2_sal_F2_BL1.mat
Psi_C2_sal_F2_BL2,C2,sal,none,sal,F2,F,BL2,within,EZM,C2_F2,C2_sal_F2,True,False,5.44,/Users/prestondavis/Library/CloudStorage/Box-Box/LFP Only Data/Cohort 2/BL2/Psi_C2_sal_F2_BL2.mat
Psi_C2_sal_F2_EZM,C2,sal,none,sal,F2,F,EZM,within,EZM,C2_F2,C2_sal_F2,False,True,10.71,/Users/prestondavis/Library/CloudStorage/Box-Box/LFP Only Data/Cohort 2/EZM/Psi_C2_sal_F2_EZM.mat
Psi_C2_sal_F2_inj,C2,sal,none,sal,F2,F,inj,within,EZM,C2_F2,C2_sal_F2,False,False,10.61,/Users/prestondavis/Library/CloudStorage/Box-Box/LFP Only Data/Cohort 2/Injection/Psi_C2_sal_F2_inj.mat
Psi_C2_sal_F3_BL1,C2,sal,none,sal,F3,F,BL1,within,EZM,C2_F3,C2_sal_F3,True,False,10.66,/Users/prestondavis/Library/CloudStorage/Box-Box/LFP Only Data/Cohort 2/BL1/Psi_C2_sal_F3_BL1.mat
Psi_C2_sal_F3_BL2,C2,sal,none,sal,F3,F,BL2,within,EZM,C2_F3,C2_sal_F3,True,False,5.34,/Users/prestondavis/Library/CloudStorage/Box-Box/LFP Only Data/Cohort 2/BL2/Psi_C2_sal_F3_BL2.mat
Psi_C2_sal_F3_EZM,C2,sal,none,sal,F3,F,EZM,within,EZM,C2_F3,C2_sal_F3,False,True,10.94,/Users/prestondavis/Library/CloudStorage/Box-Box/LFP Only Data/Cohort 2/EZM/Psi_C2_sal_F3_EZM.mat
Psi_C2_sal_F3_inj,C2,sal,none,sal,F3,F,inj,within,EZM,C2_F3,C2_sal_F3,False,False,10.65,/Users/prestondavis/Library/CloudStorage/Box-Box/LFP Only Data/Cohort 2/Injection/Psi_C2_sal_F3_inj.mat
Psi_C2_sal_M1_BL1,C2,sal,none,sal,M1,M,BL1,within,EZM,C2_M1,C2_sal_M1,True,False,9.44,/Users/prestondavis/Library/CloudStorage/Box-Box/LFP Only Data/Cohort 2/BL1/Psi_C2_sal_M1_BL1.mat
Psi_C2_sal_M1_BL2,C2,sal,none,sal,M1,M,BL2,within,EZM,C2_M1,C2_sal_M1,True,False,4.78,/Users/prestondavis/Library/CloudStorage/Box-Box/LFP Only Data/Cohort 2/BL2/Psi_C2_sal_M1_BL2.mat
Psi_C2_sal_M1_EZM,C2,sal,none,sal,M1,M,EZM,within,EZM,C2_M1,C2_sal_M1,False,True,9.95,/Users/prestondavis/Library/CloudStorage/Box-Box/LFP Only Data/Cohort 2/EZM/Psi_C2_sal_M1_EZM.mat
Psi_C2_sal_M1_inj,C2,sal,none,sal,M1,M,inj,within,EZM,C2_M1,C2_sal_M1,False,False,9.59,/Users/prestondavis/Library/CloudStorage/Box-Box/LFP Only Data/Cohort 2/Injection/Psi_C2_sal_M1_inj.mat
Psi_C2_sal_M2_BL1,C2,sal,none,sal,M2,M,BL1,within,EZM,C2_M2,C2_sal_M2,True,False,10.65,/Users/prestondavis/Library/CloudStorage/Box-Box/LFP Only Data/Cohort 2/BL1/Psi_C2_sal_M2_BL1.mat
Psi_C2_sal_M2_BL2,C2,sal,none,sal,M2,M,BL2,within,EZM,C2_M2,C2_sal_M2,True,False,5.36,/Users/prestondavis/Library/CloudStorage/Box-Box/LFP Only Data/Cohort 2/BL2/Psi_C2_sal_M2_BL2.mat
Psi_C2_sal_M2_EZM,C2,sal,none,sal,M2,M,EZM,within,EZM,C2_M2,C2_sal_M2,False,True,11.04,/Users/prestondavis/Library/CloudStorage/Box-Box/LFP Only Data/Cohort 2/EZM/Psi_C2_sal_M2_EZM.mat
Psi_C2_sal_M2_inj,C2,sal,none,sal,M2,M,inj,within,EZM,C2_M2,C2_sal_M2,False,False,10.69,/Users/prestondavis/Library/CloudStorage/Box-Box/LFP Only Data/Cohort 2/Injection/Psi_C2_sal_M2_inj.mat
Psi_C2_sal_M3_BL1,C2,sal,none,sal,M3,M,BL1,within,EZM,C2_M3,C2_sal_M3,True,False,10.35,/Users/prestondavis/Library/CloudStorage/Box-Box/LFP Only Data/Cohort 2/BL1/Psi_C2_sal_M3_BL1.mat
Psi_C2_sal_M3_BL2,C2,sal,none,sal,M3,M,BL2,within,EZM,C2_M3,C2_sal_M3,True,False,5.4,/Users/prestondavis/Library/CloudStorage/Box-Box/LFP Only Data/Cohort 2/BL2/Psi_C2_sal_M3_BL2.mat
Psi_C2_sal_M3_EZM,C2,sal,none,sal,M3,M,EZM,within,EZM,C2_M3,C2_sal_M3,False,True,10.85,/Users/prestondavis/Library/CloudStorage/Box-Box/LFP Only Data/Cohort 2/EZM/Psi_C2_sal_M3_EZM.mat
Psi_C2_sal_M3_inj,C2,sal,none,sal,M3,M,inj,within,EZM,C2_M3,C2_sal_M3,False,False,10.48,/Users/prestondavis/Library/CloudStorage/Box-Box/LFP Only Data/Cohort 2/Injection/Psi_C2_sal_M3_inj.mat
Psi_C3_ket_F2_BL1,C3,ket,ket,psi,F2,F,BL1,between,EPM,C3_ket_F2,C3_ket_F2,True,False,10.29,/Users/prestondavis/Library/CloudStorage/Box-Box/LFP Only Data/Cohort 3/BL1/Psi_C3_ket_F2_BL1.mat
Psi_C3_ket_F2_BL2,C3,ket,ket,psi,F2,F,BL2,between,EPM,C3_ket_F2,C3_ket_F2,True,False,5.29,/Users/prestondavis/Library/CloudStorage/Box-Box/LFP Only Data/Cohort 3/BL2/Psi_C3_ket_F2_BL2.mat
Psi_C3_ket_F2_EPM,C3,ket,ket,psi,F2,F,EPM,between,EPM,C3_ket_F2,C3_ket_F2,False,True,15.63,/Users/prestondavis/Library/CloudStorage/Box-Box/LFP Only Data/Cohort 3/EPM/Psi_C3_ket_F2_EPM.mat
Psi_C3_ket_F2_inj,C3,ket,ket,psi,F2,F,inj,between,EPM,C3_ket_F2,C3_ket_F2,False,False,10.28,/Users/prestondavis/Library/CloudStorage/Box-Box/LFP Only Data/Cohort 3/Injection/Psi_C3_ket_F2_inj.mat
Psi_C3_ket_F5_BL1,C3,ket,ket,psi,F5,F,BL1,between,EPM,C3_ket_F5,C3_ket_F5,True,False,10.43,/Users/prestondavis/Library/CloudStorage/Box-Box/LFP Only Data/Cohort 3/BL1/Psi_C3_ket_F5_BL1.mat
Psi_C3_ket_F5_BL2,C3,ket,ket,psi,F5,F,BL2,between,EPM,C3_ket_F5,C3_ket_F5,True,False,5.31,/Users/prestondavis/Library/CloudStorage/Box-Box/LFP Only Data/Cohort 3/BL2/Psi_C3_ket_F5_BL2.mat
Psi_C3_ket_F5_EPM,C3,ket,ket,psi,F5,F,EPM,between,EPM,C3_ket_F5,C3_ket_F5,False,True,15.85,/Users/prestondavis/Library/CloudStorage/Box-Box/LFP Only Data/Cohort 3/EPM/Psi_C3_ket_F5_EPM.mat
Psi_C3_ket_F5_inj,C3,ket,ket,psi,F5,F,inj,between,EPM,C3_ket_F5,C3_ket_F5,False,False,10.42,/Users/prestondavis/Library/CloudStorage/Box-Box/LFP Only Data/Cohort 3/Injection/Psi_C3_ket_F5_inj.mat
Psi_C3_ket_M2_BL1,C3,ket,ket,psi,M2,M,BL1,between,EPM,C3_ket_M2,C3_ket_M2,True,False,10.49,/Users/prestondavis/Library/CloudStorage/Box-Box/LFP Only Data/Cohort 3/BL1/Psi_C3_ket_M2_BL1.mat
Psi_C3_ket_M2_BL2,C3,ket,ket,psi,M2,M,BL2,between,EPM,C3_ket_M2,C3_ket_M2,True,False,5.33,/Users/prestondavis/Library/CloudStorage/Box-Box/LFP Only Data/Cohort 3/BL2/Psi_C3_ket_M2_BL2.mat
Psi_C3_ket_M2_EPM,C3,ket,ket,psi,M2,M,EPM,between,EPM,C3_ket_M2,C3_ket_M2,False,True,16.0,/Users/prestondavis/Library/CloudStorage/Box-Box/LFP Only Data/Cohort 3/EPM/Psi_C3_ket_M2_EPM.mat
Psi_C3_ket_M2_inj,C3,ket,ket,psi,M2,M,inj,between,EPM,C3_ket_M2,C3_ket_M2,False,False,10.4,/Users/prestondavis/Library/CloudStorage/Box-Box/LFP Only Data/Cohort 3/Injection/Psi_C3_ket_M2_inj.mat
Psi_C3_ket_M5_BL1,C3,ket,ket,psi,M5,M,BL1,between,EPM,C3_ket_M5,C3_ket_M5,True,False,10.37,/Users/prestondavis/Library/CloudStorage/Box-Box/LFP Only Data/Cohort 3/BL1/Psi_C3_ket_M5_BL1.mat
Psi_C3_ket_M5_BL2,C3,ket,ket,psi,M5,M,BL2,between,EPM,C3_ket_M5,C3_ket_M5,True,False,5.31,/Users/prestondavis/Library/CloudStorage/Box-Box/LFP Only Data/Cohort 3/BL2/Psi_C3_ket_M5_BL2.mat
Psi_C3_ket_M5_EPM,C3,ket,ket,psi,M5,M,EPM,between,EPM,C3_ket_M5,C3_ket_M5,False,True,15.87,/Users/prestondavis/Library/CloudStorage/Box-Box/LFP Only Data/Cohort 3/EPM/Psi_C3_ket_M5_EPM.mat
Psi_C3_ket_M5_inj,C3,ket,ket,psi,M5,M,inj,between,EPM,C3_ket_M5,C3_ket_M5,False,False,10.39,/Users/prestondavis/Library/CloudStorage/Box-Box/LFP Only Data/Cohort 3/Injection/Psi_C3_ket_M5_inj.mat
Psi_C3_ket_M8_BL1,C3,ket,ket,psi,M8,M,BL1,between,EPM,C3_ket_M8,C3_ket_M8,True,False,10.4,/Users/prestondavis/Library/CloudStorage/Box-Box/LFP Only Data/Cohort 3/BL1/Psi_C3_ket_M8_BL1.mat
Psi_C3_ket_M8_BL2,C3,ket,ket,psi,M8,M,BL2,between,EPM,C3_ket_M8,C3_ket_M8,True,False,5.31,/Users/prestondavis/Library/CloudStorage/Box-Box/LFP Only Data/Cohort 3/BL2/Psi_C3_ket_M8_BL2.mat
Psi_C3_ket_M8_EPM,C3,ket,ket,psi,M8,M,EPM,between,EPM,C3_ket_M8,C3_ket_M8,False,True,15.97,/Users/prestondavis/Library/CloudStorage/Box-Box/LFP Only Data/Cohort 3/EPM/Psi_C3_ket_M8_EPM.mat
Psi_C3_ket_M8_inj,C3,ket,ket,psi,M8,M,inj,between,EPM,C3_ket_M8,C3_ket_M8,False,False,10.43,/Users/prestondavis/Library/CloudStorage/Box-Box/LFP Only Data/Cohort 3/Injection/Psi_C3_ket_M8_inj.mat
Psi_C3_psi_F3_BL1,C3,psi,sal,psi,F3,F,BL1,between,EPM,C3_psi_F3,C3_psi_F3,True,False,10.37,/Users/prestondavis/Library/CloudStorage/Box-Box/LFP Only Data/Cohort 3/BL1/Psi_C3_psi_F3_BL1.mat
Psi_C3_psi_F3_BL2,C3,psi,sal,psi,F3,F,BL2,between,EPM,C3_psi_F3,C3_psi_F3,True,False,5.32,/Users/prestondavis/Library/CloudStorage/Box-Box/LFP Only Data/Cohort 3/BL2/Psi_C3_psi_F3_BL2.mat
Psi_C3_psi_F3_EPM,C3,psi,sal,psi,F3,F,EPM,between,EPM,C3_psi_F3,C3_psi_F3,False,True,16.67,/Users/prestondavis/Library/CloudStorage/Box-Box/LFP Only Data/Cohort 3/EPM/Psi_C3_psi_F3_EPM.mat
Psi_C3_psi_F3_inj,C3,psi,sal,psi,F3,F,inj,between,EPM,C3_psi_F3,C3_psi_F3,False,False,10.39,/Users/prestondavis/Library/CloudStorage/Box-Box/LFP Only Data/Cohort 3/Injection/Psi_C3_psi_F3_inj.mat
Psi_C3_psi_F6_BL1,C3,psi,sal,psi,F6,F,BL1,between,EPM,C3_psi_F6,C3_psi_F6,True,False,10.42,/Users/prestondavis/Library/CloudStorage/Box-Box/LFP Only Data/Cohort 3/BL1/Psi_C3_psi_F6_BL1.mat
Psi_C3_psi_F6_BL2,C3,psi,sal,psi,F6,F,BL2,between,EPM,C3_psi_F6,C3_psi_F6,True,False,5.27,/Users/prestondavis/Library/CloudStorage/Box-Box/LFP Only Data/Cohort 3/BL2/Psi_C3_psi_F6_BL2.mat
Psi_C3_psi_F6_EPM,C3,psi,sal,psi,F6,F,EPM,between,EPM,C3_psi_F6,C3_psi_F6,False,True,15.67,/Users/prestondavis/Library/CloudStorage/Box-Box/LFP Only Data/Cohort 3/EPM/Psi_C3_psi_F6_EPM.mat
Psi_C3_psi_F6_inj,C3,psi,sal,psi,F6,F,inj,between,EPM,C3_psi_F6,C3_psi_F6,False,False,10.38,/Users/prestondavis/Library/CloudStorage/Box-Box/LFP Only Data/Cohort 3/Injection/Psi_C3_psi_F6_inj.mat
Psi_C3_psi_M3_BL1,C3,psi,sal,psi,M3,M,BL1,between,EPM,C3_psi_M3,C3_psi_M3,True,False,10.41,/Users/prestondavis/Library/CloudStorage/Box-Box/LFP Only Data/Cohort 3/BL1/Psi_C3_psi_M3_BL1.mat
Psi_C3_psi_M3_BL2,C3,psi,sal,psi,M3,M,BL2,between,EPM,C3_psi_M3,C3_psi_M3,True,False,5.27,/Users/prestondavis/Library/CloudStorage/Box-Box/LFP Only Data/Cohort 3/BL2/Psi_C3_psi_M3_BL2.mat
Psi_C3_psi_M3_EPM,C3,psi,sal,psi,M3,M,EPM,between,EPM,C3_psi_M3,C3_psi_M3,False,True,15.85,/Users/prestondavis/Library/CloudStorage/Box-Box/LFP Only Data/Cohort 3/EPM/Psi_C3_psi_M3_EPM.mat
Psi_C3_psi_M3_inj,C3,psi,sal,psi,M3,M,inj,between,EPM,C3_psi_M3,C3_psi_M3,False,False,10.46,/Users/prestondavis/Library/CloudStorage/Box-Box/LFP Only Data/Cohort 3/Injection/Psi_C3_psi_M3_inj.mat
Psi_C3_psi_M6_BL1,C3,psi,sal,psi,M6,M,BL1,between,EPM,C3_psi_M6,C3_psi_M6,True,False,10.49,/Users/prestondavis/Library/CloudStorage/Box-Box/LFP Only Data/Cohort 3/BL1/Psi_C3_psi_M6_BL1.mat
Psi_C3_psi_M6_BL2,C3,psi,sal,psi,M6,M,BL2,between,EPM,C3_psi_M6,C3_psi_M6,True,False,5.39,/Users/prestondavis/Library/CloudStorage/Box-Box/LFP Only Data/Cohort 3/BL2/Psi_C3_psi_M6_BL2.mat
Psi_C3_psi_M6_EPM,C3,psi,sal,psi,M6,M,EPM,between,EPM,C3_psi_M6,C3_psi_M6,False,True,16.07,/Users/prestondavis/Library/CloudStorage/Box-Box/LFP Only Data/Cohort 3/EPM/Psi_C3_psi_M6_EPM.mat
Psi_C3_psi_M6_inj,C3,psi,sal,psi,M6,M,inj,between,EPM,C3_psi_M6,C3_psi_M6,False,False,10.51,/Users/prestondavis/Library/CloudStorage/Box-Box/LFP Only Data/Cohort 3/Injection/Psi_C3_psi_M6_inj.mat
Psi_C3_psi_M9_BL1,C3,psi,sal,psi,M9,M,BL1,between,EPM,C3_psi_M9,C3_psi_M9,True,False,10.51,/Users/prestondavis/Library/CloudStorage/Box-Box/LFP Only Data/Cohort 3/BL1/Psi_C3_psi_M9_BL1.mat
Psi_C3_psi_M9_BL2,C3,psi,sal,psi,M9,M,BL2,between,EPM,C3_psi_M9,C3_psi_M9,True,False,5.36,/Users/prestondavis/Library/CloudStorage/Box-Box/LFP Only Data/Cohort 3/BL2/Psi_C3_psi_M9_BL2.mat
Psi_C3_psi_M9_EPM,C3,psi,sal,psi,M9,M,EPM,between,EPM,C3_psi_M9,C3_psi_M9,False,True,15.91,/Users/prestondavis/Library/CloudStorage/Box-Box/LFP Only Data/Cohort 3/EPM/Psi_C3_psi_M9_EPM.mat
Psi_C3_psi_M9_inj,C3,psi,sal,psi,M9,M,inj,between,EPM,C3_psi_M9,C3_psi_M9,False,False,10.54,/Users/prestondavis/Library/CloudStorage/Box-Box/LFP Only Data/Cohort 3/Injection/Psi_C3_psi_M9_inj.mat
Psi_C3_sal_F1_BL1,C3,sal,sal,sal,F1,F,BL1,between,EPM,C3_sal_F1,C3_sal_F1,True,False,10.71,/Users/prestondavis/Library/CloudStorage/Box-Box/LFP Only Data/Cohort 3/BL1/Psi_C3_sal_F1_BL1.mat
Psi_C3_sal_F1_BL2,C3,sal,sal,sal,F1,F,BL2,between,EPM,C3_sal_F1,C3_sal_F1,True,False,5.43,/Users/prestondavis/Library/CloudStorage/Box-Box/LFP Only Data/Cohort 3/BL2/Psi_C3_sal_F1_BL2.mat
Psi_C3_sal_F1_EPM,C3,sal,sal,sal,F1,F,EPM,between,EPM,C3_sal_F1,C3_sal_F1,False,True,16.23,/Users/prestondavis/Library/CloudStorage/Box-Box/LFP Only Data/Cohort 3/EPM/Psi_C3_sal_F1_EPM.mat
Psi_C3_sal_F1_inj,C3,sal,sal,sal,F1,F,inj,between,EPM,C3_sal_F1,C3_sal_F1,False,False,10.6,/Users/prestondavis/Library/CloudStorage/Box-Box/LFP Only Data/Cohort 3/Injection/Psi_C3_sal_F1_inj.mat
Psi_C3_sal_F4_BL1,C3,sal,sal,sal,F4,F,BL1,between,EPM,C3_sal_F4,C3_sal_F4,True,False,10.41,/Users/prestondavis/Library/CloudStorage/Box-Box/LFP Only Data/Cohort 3/BL1/Psi_C3_sal_F4_BL1.mat
Psi_C3_sal_F4_BL2,C3,sal,sal,sal,F4,F,BL2,between,EPM,C3_sal_F4,C3_sal_F4,True,False,5.34,/Users/prestondavis/Library/CloudStorage/Box-Box/LFP Only Data/Cohort 3/BL2/Psi_C3_sal_F4_BL2.mat
Psi_C3_sal_F4_EPM,C3,sal,sal,sal,F4,F,EPM,between,EPM,C3_sal_F4,C3_sal_F4,False,True,15.93,/Users/prestondavis/Library/CloudStorage/Box-Box/LFP Only Data/Cohort 3/EPM/Psi_C3_sal_F4_EPM.mat
Psi_C3_sal_F4_inj,C3,sal,sal,sal,F4,F,inj,between,EPM,C3_sal_F4,C3_sal_F4,False,False,10.45,/Users/prestondavis/Library/CloudStorage/Box-Box/LFP Only Data/Cohort 3/Injection/Psi_C3_sal_F4_inj.mat
Psi_C3_sal_M1_BL1,C3,sal,sal,sal,M1,M,BL1,between,EPM,C3_sal_M1,C3_sal_M1,True,False,10.38,/Users/prestondavis/Library/CloudStorage/Box-Box/LFP Only Data/Cohort 3/BL1/Psi_C3_sal_M1_BL1.mat
Psi_C3_sal_M1_BL2,C3,sal,sal,sal,M1,M,BL2,between,EPM,C3_sal_M1,C3_sal_M1,True,False,5.33,/Users/prestondavis/Library/CloudStorage/Box-Box/LFP Only Data/Cohort 3/BL2/Psi_C3_sal_M1_BL2.mat
Psi_C3_sal_M1_EPM,C3,sal,sal,sal,M1,M,EPM,between,EPM,C3_sal_M1,C3_sal_M1,False,True,15.97,/Users/prestondavis/Library/CloudStorage/Box-Box/LFP Only Data/Cohort 3/EPM/Psi_C3_sal_M1_EPM.mat
Psi_C3_sal_M1_inj,C3,sal,sal,sal,M1,M,inj,between,EPM,C3_sal_M1,C3_sal_M1,False,False,10.35,/Users/prestondavis/Library/CloudStorage/Box-Box/LFP Only Data/Cohort 3/Injection/Psi_C3_sal_M1_inj.mat
Psi_C3_sal_M4_BL1,C3,sal,sal,sal,M4,M,BL1,between,EPM,C3_sal_M4,C3_sal_M4,True,False,10.4,/Users/prestondavis/Library/CloudStorage/Box-Box/LFP Only Data/Cohort 3/BL1/Psi_C3_sal_M4_BL1.mat
Psi_C3_sal_M4_BL2,C3,sal,sal,sal,M4,M,BL2,between,EPM,C3_sal_M4,C3_sal_M4,True,False,5.33,/Users/prestondavis/Library/CloudStorage/Box-Box/LFP Only Data/Cohort 3/BL2/Psi_C3_sal_M4_BL2.mat
Psi_C3_sal_M4_EPM,C3,sal,sal,sal,M4,M,EPM,between,EPM,C3_sal_M4,C3_sal_M4,False,True,15.99,/Users/prestondavis/Library/CloudStorage/Box-Box/LFP Only Data/Cohort 3/EPM/Psi_C3_sal_M4_EPM.mat
Psi_C3_sal_M4_inj,C3,sal,sal,sal,M4,M,inj,between,EPM,C3_sal_M4,C3_sal_M4,False,False,10.37,/Users/prestondavis/Library/CloudStorage/Box-Box/LFP Only Data/Cohort 3/Injection/Psi_C3_sal_M4_inj.mat
Psi_C3_sal_M7_BL1,C3,sal,sal,sal,M7,M,BL1,between,EPM,C3_sal_M7,C3_sal_M7,True,False,10.45,/Users/prestondavis/Library/CloudStorage/Box-Box/LFP Only Data/Cohort 3/BL1/Psi_C3_sal_M7_BL1.mat
Psi_C3_sal_M7_BL2,C3,sal,sal,sal,M7,M,BL2,between,EPM,C3_sal_M7,C3_sal_M7,True,False,5.36,/Users/prestondavis/Library/CloudStorage/Box-Box/LFP Only Data/Cohort 3/BL2/Psi_C3_sal_M7_BL2.mat
Psi_C3_sal_M7_EPM,C3,sal,sal,sal,M7,M,EPM,between,EPM,C3_sal_M7,C3_sal_M7,False,True,15.96,/Users/prestondavis/Library/CloudStorage/Box-Box/LFP Only Data/Cohort 3/EPM/Psi_C3_sal_M7_EPM.mat
Psi_C3_sal_M7_inj,C3,sal,sal,sal,M7,M,inj,between,EPM,C3_sal_M7,C3_sal_M7,False,False,10.48,/Users/prestondavis/Library/CloudStorage/Box-Box/LFP Only Data/Cohort 3/Injection/Psi_C3_sal_M7_inj.mat
Psi_C4_ket_psi_F4_BL1,C4,ket_psi,ket,psi,F4,F,BL1,between,EPM,C4_ket_psi_F4,C4_ket_psi_F4,True,False,10.36,/Users/prestondavis/Library/CloudStorage/Box-Box/LFP Only Data/Cohort 4/BL1/Psi_C4_ket_psi_F4_BL1.mat
Psi_C4_ket_psi_F4_BL2,C4,ket_psi,ket,psi,F4,F,BL2,between,EPM,C4_ket_psi_F4,C4_ket_psi_F4,True,False,5.29,/Users/prestondavis/Library/CloudStorage/Box-Box/LFP Only Data/Cohort 4/BL2/Psi_C4_ket_psi_F4_BL2.mat
Psi_C4_ket_psi_F4_EPM,C4,ket_psi,ket,psi,F4,F,EPM,between,EPM,C4_ket_psi_F4,C4_ket_psi_F4,False,True,18.42,/Users/prestondavis/Library/CloudStorage/Box-Box/LFP Only Data/Cohort 4/EPM/Psi_C4_ket_psi_F4_EPM.mat
Psi_C4_ket_psi_F4_inj,C4,ket_psi,ket,psi,F4,F,inj,between,EPM,C4_ket_psi_F4,C4_ket_psi_F4,False,False,10.44,/Users/prestondavis/Library/CloudStorage/Box-Box/LFP Only Data/Cohort 4/Injection/Psi_C4_ket_psi_F4_inj.mat
Psi_C4_ket_psi_M4_BL1,C4,ket_psi,ket,psi,M4,M,BL1,between,EPM,C4_ket_psi_M4,C4_ket_psi_M4,True,False,10.35,/Users/prestondavis/Library/CloudStorage/Box-Box/LFP Only Data/Cohort 4/BL1/Psi_C4_ket_psi_M4_BL1.mat
Psi_C4_ket_psi_M4_BL2,C4,ket_psi,ket,psi,M4,M,BL2,between,EPM,C4_ket_psi_M4,C4_ket_psi_M4,True,False,5.35,/Users/prestondavis/Library/CloudStorage/Box-Box/LFP Only Data/Cohort 4/BL2/Psi_C4_ket_psi_M4_BL2.mat
Psi_C4_ket_psi_M4_EPM,C4,ket_psi,ket,psi,M4,M,EPM,between,EPM,C4_ket_psi_M4,C4_ket_psi_M4,False,True,17.78,/Users/prestondavis/Library/CloudStorage/Box-Box/LFP Only Data/Cohort 4/EPM/Psi_C4_ket_psi_M4_EPM.mat
Psi_C4_ket_psi_M4_inj,C4,ket_psi,ket,psi,M4,M,inj,between,EPM,C4_ket_psi_M4,C4_ket_psi_M4,False,False,10.24,/Users/prestondavis/Library/CloudStorage/Box-Box/LFP Only Data/Cohort 4/Injection/Psi_C4_ket_psi_M4_inj.mat
Psi_C4_ket_sal_F2_BL1,C4,ket_sal,ket,sal,F2,F,BL1,between,EPM,C4_ket_sal_F2,C4_ket_sal_F2,True,False,10.0,/Users/prestondavis/Library/CloudStorage/Box-Box/LFP Only Data/Cohort 4/BL1/Psi_C4_ket_sal_F2_BL1.mat
Psi_C4_ket_sal_F2_BL2,C4,ket_sal,ket,sal,F2,F,BL2,between,EPM,C4_ket_sal_F2,C4_ket_sal_F2,True,False,5.17,/Users/prestondavis/Library/CloudStorage/Box-Box/LFP Only Data/Cohort 4/BL2/Psi_C4_ket_sal_F2_BL2.mat
Psi_C4_ket_sal_F2_EPM,C4,ket_sal,ket,sal,F2,F,EPM,between,EPM,C4_ket_sal_F2,C4_ket_sal_F2,False,True,20.31,/Users/prestondavis/Library/CloudStorage/Box-Box/LFP Only Data/Cohort 4/EPM/Psi_C4_ket_sal_F2_EPM.mat
Psi_C4_ket_sal_F2_inj,C4,ket_sal,ket,sal,F2,F,inj,between,EPM,C4_ket_sal_F2,C4_ket_sal_F2,False,False,10.0,/Users/prestondavis/Library/CloudStorage/Box-Box/LFP Only Data/Cohort 4/Injection/Psi_C4_ket_sal_F2_inj.mat
Psi_C4_ket_sal_F6_BL1,C4,ket_sal,ket,sal,F6,F,BL1,between,EPM,C4_ket_sal_F6,C4_ket_sal_F6,True,False,11.0,/Users/prestondavis/Library/CloudStorage/Box-Box/LFP Only Data/Cohort 4/BL1/Psi_C4_ket_sal_F6_BL1.mat
Psi_C4_ket_sal_F6_BL2,C4,ket_sal,ket,sal,F6,F,BL2,between,EPM,C4_ket_sal_F6,C4_ket_sal_F6,True,False,5.34,/Users/prestondavis/Library/CloudStorage/Box-Box/LFP Only Data/Cohort 4/BL2/Psi_C4_ket_sal_F6_BL2.mat
Psi_C4_ket_sal_F6_EPM,C4,ket_sal,ket,sal,F6,F,EPM,between,EPM,C4_ket_sal_F6,C4_ket_sal_F6,False,True,17.81,/Users/prestondavis/Library/CloudStorage/Box-Box/LFP Only Data/Cohort 4/EPM/Psi_C4_ket_sal_F6_EPM.mat
Psi_C4_ket_sal_F6_inj,C4,ket_sal,ket,sal,F6,F,inj,between,EPM,C4_ket_sal_F6,C4_ket_sal_F6,False,False,10.49,/Users/prestondavis/Library/CloudStorage/Box-Box/LFP Only Data/Cohort 4/Injection/Psi_C4_ket_sal_F6_inj.mat
Psi_C4_ket_sal_F7_BL1,C4,ket_sal,ket,sal,F7,F,BL1,between,EPM,C4_ket_sal_F7,C4_ket_sal_F7,True,False,10.68,/Users/prestondavis/Library/CloudStorage/Box-Box/LFP Only Data/Cohort 4/BL1/Psi_C4_ket_sal_F7_BL1.mat
Psi_C4_ket_sal_F7_BL2,C4,ket_sal,ket,sal,F7,F,BL2,between,EPM,C4_ket_sal_F7,C4_ket_sal_F7,True,False,5.35,/Users/prestondavis/Library/CloudStorage/Box-Box/LFP Only Data/Cohort 4/BL2/Psi_C4_ket_sal_F7_BL2.mat
Psi_C4_ket_sal_F7_EPM,C4,ket_sal,ket,sal,F7,F,EPM,between,EPM,C4_ket_sal_F7,C4_ket_sal_F7,False,True,16.94,/Users/prestondavis/Library/CloudStorage/Box-Box/LFP Only Data/Cohort 4/EPM/Psi_C4_ket_sal_F7_EPM.mat
Psi_C4_ket_sal_F7_inj,C4,ket_sal,ket,sal,F7,F,inj,between,EPM,C4_ket_sal_F7,C4_ket_sal_F7,False,False,10.41,/Users/prestondavis/Library/CloudStorage/Box-Box/LFP Only Data/Cohort 4/Injection/Psi_C4_ket_sal_F7_inj.mat
Psi_C4_ket_sal_M2_BL1,C4,ket_sal,ket,sal,M2,M,BL1,between,EPM,C4_ket_sal_M2,C4_ket_sal_M2,True,False,10.33,/Users/prestondavis/Library/CloudStorage/Box-Box/LFP Only Data/Cohort 4/BL1/Psi_C4_ket_sal_M2_BL1.mat
Psi_C4_ket_sal_M2_BL2,C4,ket_sal,ket,sal,M2,M,BL2,between,EPM,C4_ket_sal_M2,C4_ket_sal_M2,True,False,5.49,/Users/prestondavis/Library/CloudStorage/Box-Box/LFP Only Data/Cohort 4/BL2/Psi_C4_ket_sal_M2_BL2.mat
Psi_C4_ket_sal_M2_EPM,C4,ket_sal,ket,sal,M2,M,EPM,between,EPM,C4_ket_sal_M2,C4_ket_sal_M2,False,True,19.39,/Users/prestondavis/Library/CloudStorage/Box-Box/LFP Only Data/Cohort 4/EPM/Psi_C4_ket_sal_M2_EPM.mat
Psi_C4_ket_sal_M2_inj,C4,ket_sal,ket,sal,M2,M,inj,between,EPM,C4_ket_sal_M2,C4_ket_sal_M2,False,False,10.24,/Users/prestondavis/Library/CloudStorage/Box-Box/LFP Only Data/Cohort 4/Injection/Psi_C4_ket_sal_M2_inj.mat
Psi_C4_sal_psi_F3_BL1,C4,sal_psi,sal,psi,F3,F,BL1,between,EPM,C4_sal_psi_F3,C4_sal_psi_F3,True,False,10.35,/Users/prestondavis/Library/CloudStorage/Box-Box/LFP Only Data/Cohort 4/BL1/Psi_C4_sal_psi_F3_BL1.mat
Psi_C4_sal_psi_F3_BL2,C4,sal_psi,sal,psi,F3,F,BL2,between,EPM,C4_sal_psi_F3,C4_sal_psi_F3,True,False,5.25,/Users/prestondavis/Library/CloudStorage/Box-Box/LFP Only Data/Cohort 4/BL2/Psi_C4_sal_psi_F3_BL2.mat
Psi_C4_sal_psi_F3_EPM,C4,sal_psi,sal,psi,F3,F,EPM,between,EPM,C4_sal_psi_F3,C4_sal_psi_F3,False,True,17.37,/Users/prestondavis/Library/CloudStorage/Box-Box/LFP Only Data/Cohort 4/EPM/Psi_C4_sal_psi_F3_EPM.mat
Psi_C4_sal_psi_F3_inj,C4,sal_psi,sal,psi,F3,F,inj,between,EPM,C4_sal_psi_F3,C4_sal_psi_F3,False,False,10.26,/Users/prestondavis/Library/CloudStorage/Box-Box/LFP Only Data/Cohort 4/Injection/Psi_C4_sal_psi_F3_inj.mat
Psi_C4_sal_psi_F5_BL1,C4,sal_psi,sal,psi,F5,F,BL1,between,EPM,C4_sal_psi_F5,C4_sal_psi_F5,True,False,10.24,/Users/prestondavis/Library/CloudStorage/Box-Box/LFP Only Data/Cohort 4/BL1/Psi_C4_sal_psi_F5_BL1.mat
Psi_C4_sal_psi_F5_BL2,C4,sal_psi,sal,psi,F5,F,BL2,between,EPM,C4_sal_psi_F5,C4_sal_psi_F5,True,False,5.31,/Users/prestondavis/Library/CloudStorage/Box-Box/LFP Only Data/Cohort 4/BL2/Psi_C4_sal_psi_F5_BL2.mat
Psi_C4_sal_psi_F5_EPM,C4,sal_psi,sal,psi,F5,F,EPM,between,EPM,C4_sal_psi_F5,C4_sal_psi_F5,False,True,17.44,/Users/prestondavis/Library/CloudStorage/Box-Box/LFP Only Data/Cohort 4/EPM/Psi_C4_sal_psi_F5_EPM.mat
Psi_C4_sal_psi_F5_inj,C4,sal_psi,sal,psi,F5,F,inj,between,EPM,C4_sal_psi_F5,C4_sal_psi_F5,False,False,10.31,/Users/prestondavis/Library/CloudStorage/Box-Box/LFP Only Data/Cohort 4/Injection/Psi_C4_sal_psi_F5_inj.mat
Psi_C4_sal_psi_M3_BL1,C4,sal_psi,sal,psi,M3,M,BL1,between,EPM,C4_sal_psi_M3,C4_sal_psi_M3,True,False,10.46,/Users/prestondavis/Library/CloudStorage/Box-Box/LFP Only Data/Cohort 4/BL1/Psi_C4_sal_psi_M3_BL1.mat
Psi_C4_sal_psi_M3_BL2,C4,sal_psi,sal,psi,M3,M,BL2,between,EPM,C4_sal_psi_M3,C4_sal_psi_M3,True,False,5.38,/Users/prestondavis/Library/CloudStorage/Box-Box/LFP Only Data/Cohort 4/BL2/Psi_C4_sal_psi_M3_BL2.mat
Psi_C4_sal_psi_M3_EPM,C4,sal_psi,sal,psi,M3,M,EPM,between,EPM,C4_sal_psi_M3,C4_sal_psi_M3,False,True,17.24,/Users/prestondavis/Library/CloudStorage/Box-Box/LFP Only Data/Cohort 4/EPM/Psi_C4_sal_psi_M3_EPM.mat
Psi_C4_sal_psi_M3_inj,C4,sal_psi,sal,psi,M3,M,inj,between,EPM,C4_sal_psi_M3,C4_sal_psi_M3,False,False,10.44,/Users/prestondavis/Library/CloudStorage/Box-Box/LFP Only Data/Cohort 4/Injection/Psi_C4_sal_psi_M3_inj.mat
Psi_C4_sal_sal_F1_BL1,C4,sal_sal,sal,sal,F1,F,BL1,between,EPM,C4_sal_sal_F1,C4_sal_sal_F1,True,False,10.36,/Users/prestondavis/Library/CloudStorage/Box-Box/LFP Only Data/Cohort 4/BL1/Psi_C4_sal_sal_F1_BL1.mat
Psi_C4_sal_sal_F1_BL2,C4,sal_sal,sal,sal,F1,F,BL2,between,EPM,C4_sal_sal_F1,C4_sal_sal_F1,True,False,5.28,/Users/prestondavis/Library/CloudStorage/Box-Box/LFP Only Data/Cohort 4/BL2/Psi_C4_sal_sal_F1_BL2.mat
Psi_C4_sal_sal_F1_EPM,C4,sal_sal,sal,sal,F1,F,EPM,between,EPM,C4_sal_sal_F1,C4_sal_sal_F1,False,True,18.13,/Users/prestondavis/Library/CloudStorage/Box-Box/LFP Only Data/Cohort 4/EPM/Psi_C4_sal_sal_F1_EPM.mat
Psi_C4_sal_sal_F1_inj,C4,sal_sal,sal,sal,F1,F,inj,between,EPM,C4_sal_sal_F1,C4_sal_sal_F1,False,False,10.26,/Users/prestondavis/Library/CloudStorage/Box-Box/LFP Only Data/Cohort 4/Injection/Psi_C4_sal_sal_F1_inj.mat
Psi_C4_sal_sal_M1_BL1,C4,sal_sal,sal,sal,M1,M,BL1,between,EPM,C4_sal_sal_M1,C4_sal_sal_M1,True,False,10.17,/Users/prestondavis/Library/CloudStorage/Box-Box/LFP Only Data/Cohort 4/BL1/Psi_C4_sal_sal_M1_BL1.mat
Psi_C4_sal_sal_M1_BL2,C4,sal_sal,sal,sal,M1,M,BL2,between,EPM,C4_sal_sal_M1,C4_sal_sal_M1,True,False,5.08,/Users/prestondavis/Library/CloudStorage/Box-Box/LFP Only Data/Cohort 4/BL2/Psi_C4_sal_sal_M1_BL2.mat
Psi_C4_sal_sal_M1_inj,C4,sal_sal,sal,sal,M1,M,inj,between,EPM,C4_sal_sal_M1,C4_sal_sal_M1,False,False,10.08,/Users/prestondavis/Library/CloudStorage/Box-Box/LFP Only Data/Cohort 4/Injection/Psi_C4_sal_sal_M1_inj.mat
