dropped_mouse,mean_diff,p_paired_t
C1_F1,57751.80397863838,0.06219881019917323
C1_F2,53888.95967368199,0.08891466878892952
C1_F3,51911.37329224318,0.10270319218279693
C1_M1,36846.64886006876,0.18176859500064885
C1_M2,53292.63696415084,0.093083560602122
C1_M3,64563.222280468486,0.021479251585899937
C1_M4,46919.7878872956,0.13597907815129837
C2_F1,46245.45665503531,0.14016619979919798
C2_F3,41008.25823516718,0.168291827333045
C2_M1,47753.755927088045,0.1306732078327431
C2_M2,36830.02563563655,0.1817986734276811
C2_M3,54012.13776317353,0.08805325937857825
